matrix,dataset,rows,cols,nnz,sha256
mittelmann/Dual2_5000,mittelmann,30000600,33050602,93001800,90bbf8d762ae9c4b0a72c7ad28029c17b5033561cd7baafadf2094bc8fd3e998
mittelmann/FOME13,mittelmann,48568,97840,285056,4c74caeecbdf58480ab737da9dfe6aa5024b59af01222d81ec27a0117f9eb976
mittelmann/L1_sixm1000obs,mittelmann,3082940,1426256,14262560,a6fcb2a2f3d7d58fc0f22ed46b8cd583e484c60cad96d94447cb337d298ed847
mittelmann/L1_sixm250obs,mittelmann,986069,428032,4280320,a9fc9d781d5dba365266d4ad81c662a4fa7a4dee5c50f9cf740c3ace644763bc
mittelmann/L2CTA3D,mittelmann,210000,10000000,30000000,a181400a4115f3e619c8856038fa77259fbabc12e57a94fa5f5aa9a3ff9ab4ed
mittelmann/Linf_five20c,mittelmann,93326,69004,566193,4a5f078526d39863d7bcd89b004c2670287f4e3bac7507daaeeb5fdf4bcda3d1
mittelmann/Primal2_1000,mittelmann,1299380,2559380,5498140,5ab29071770db9fc273a79b27791509d97ff1e7edda777b45544dab870b2a335
mittelmann/a2864,mittelmann,22117,200787,20078717,710c2d86a8a96ee0b48bcc4c55dbca924db9e4a586273b164f6f701abf74b35a
mittelmann/bdry2,mittelmann,376500,250998,1500003,67d8bf42ea85060cb5e6e34b139df4a47d7f56b8fcc30209f9c3ae7885fc560e
mittelmann/cont1,mittelmann,160792,40398,399990,3bc7b2f91e89b7d6c62471bda52f3dd408220cdd8ceb6fa668e8796979f00392
mittelmann/cont11,mittelmann,160792,80396,399990,b6555fec316f29e731938615aa41bbde2eb0015a7a5b1ddb3fdceed4a11f9480
mittelmann/datt256_lp,mittelmann,11077,262144,1503732,231dd64421c9ce37b7fd267733e6a1ab71261efbedeacca7c27aa34cdef47786
mittelmann/degme,mittelmann,185501,659415,8127528,c9d35449fa69570a5e03093793d6ecaa0abbd039c02acf1f10fc358af8a6583f
mittelmann/dlr1,mittelmann,1735470,9142907,18365107,63938cd3bf945a350566b0baa23510f48e80d6955f69e9411e252bda0e3c6b18
mittelmann/dlr2,mittelmann,7132926,38868107,78091589,b79176245309fe26cb027e27917b1202eb0a5be00a371684921afdfa01fb0a9a
mittelmann/ex10,mittelmann,69608,17680,1162000,a9a2cc54b1b06c75025f166029511c953ea3bfad110f53fb5c96d9b77c57a662
mittelmann/fhnw-bin1,mittelmann,772872,1141653,8611326,e09a2311c6b63f165dafaa38636e158e5702841b20e4218d6dcbf5744bc88ce0
mittelmann/graph40-40_lp,mittelmann,360900,102600,1260900,15ebf4366708bba2fe04270aa62d7117892e4c601f388cbe398aa56e1d3eb05c
mittelmann/irish-electricity,mittelmann,104259,61728,523257,639d1e6f86a18fd446ab287e024788d81eff2ea9cc4b9c58b7dc676c575e8c44
mittelmann/neos,mittelmann,479119,36786,1047675,ba29ee12eed21a08667197d49f1539535e4df93b01eb5069afe3c02901e4a511
mittelmann/neos-3025225_lp,mittelmann,91572,69846,9357951,51eee4aa71f125ebce3677bd25a7c696827b82c2ca2eb721dfa44b588dd30b24
mittelmann/neos-5052403-cygnet,mittelmann,38268,32868,4898304,f53c541a9df83af8c316aaf92916a9a719de0cf6c5b0926bbf350539481ee122
mittelmann/neos-5251015_lp,mittelmann,486531,136971,1955388,2652e4ee59892140b34b42eff4e222c2b478a0e258c8a62d96f4200fe340eda9
mittelmann/neos3,mittelmann,512209,6624,1542816,070340d97441152c682b5fe2cc0f4a63664464b2f8ecce385d909d69a57711fe
mittelmann/ns168703,mittelmann,50622,43749,1406739,0369021757eed17bff504331bd9c3f64bbe0384bfc29c24d3d828c6290c41489
mittelmann/ns168892,mittelmann,32768,16587,1712128,d35d1ea80902edacd9397f77ccf103d92578197c1146036531fe1f13461dde2c
mittelmann/nug08-3rd,mittelmann,19728,20448,139008,13fa9fa23b05b0516d166ece03026bacadc7ccc7eb804c311375932b4e3ddafc
mittelmann/pds-100,mittelmann,156243,505360,1086785,6c11c78a0bfa375023be6d6ded6921250c9cc5d7efdc94db4bcf9efa1d65875d
mittelmann/physiciansched3-3,mittelmann,266227,79555,1062479,85e15d4a7cc083778d11962bedf935cd9f60f1235ad36de0450c091e317d8bc4
mittelmann/qap15,mittelmann,6330,22275,94950,5a1fb57bbe3993574f1b04f958994b3d173e4d55ceb67b8ff299ce8fff14c110
mittelmann/rail02,mittelmann,95791,270869,756228,1fb0f0118288bd53e8edca9e46b121bee448a21397013f20c3b0533767f66483
mittelmann/rail4284,mittelmann,4284,1092610,11279748,2cd3a5853e712ec28b0f3dc1d3c5542bdaefe413ad9edcbb48237e18de1f36e3
mittelmann/rmine15_lp,mittelmann,358395,42438,879732,aa2b770d0ac35779c2a64f2e47dd27e17f07572ac14b005bfcb925e749894499
mittelmann/s100,mittelmann,14733,364417,1777917,50f961710871c0e03386cef9f5fe0829a55836368a3509c68d3fc5fe0a5bf1ee
mittelmann/s250r10,mittelmann,10962,273142,1318607,8d9a43ba346585e1f7dc9c2c8b1b18850b0e6a193bf8733fb1416c5c17fe71b8
mittelmann/s82,mittelmann,87878,1690631,7022608,ffc61c03706798bab9058aa61f1877d2e375825aac328f42691adf1bb24ec5b5
mittelmann/savsched1,mittelmann,295989,328575,1770507,ab8bf7e7896baed6de8cd3c604348dcd11e9daa03081fae3431d81db3fc26a97
mittelmann/scpm1_lp,mittelmann,5000,500000,6250000,a04a61f41e3721c28dfe7d5a28be5ece7c67ab9701239099c92aa595e80c3f6b
mittelmann/set-cover,mittelmann,10000,1102008,20442268,a516aa67dcd6195f8686c29944ddbdc070b8555da7e812df977ae0cd309f0a60
mittelmann/shs1023,mittelmann,133944,444625,1044725,38954f32cc8aaf57110b674965f04847497562d1e9754f9e2a2faf6bd65116ab
mittelmann/square41,mittelmann,40160,62234,13566426,47bd99f889a592b57f95254d83fa255e3026696be7a5c1c766d2b894377f4b3e
mittelmann/stat96v2,mittelmann,29089,957432,2852184,226affca295244182ea77942d1e339be3260ec329111ce3ec2ec5a6465879214
mittelmann/stormG2_1000,mittelmann,528185,1259121,3341696,18994a567c62ed9c29dfacc260dbc4ea8367a9aed8fb95788253eff425d49a97
mittelmann/stp3d,mittelmann,159488,204880,662128,98a240ae03cadc584cde639cc58b932498ad9a35859418ef66927c7e2c26accf
mittelmann/supportcase10,mittelmann,165684,14770,555082,4785976c59b5a79beff696e3abc15f2e92de52b86fa8495bdfe872984a2d9fe1
mittelmann/thk_48,mittelmann,6366377,8609262,27802878,6cc78df3714cf72de41a3445ba740ee4d1b6f220abca55a365b6c27ef96671ca
mittelmann/thk_63,mittelmann,5694387,7701112,21592414,0cf53cd22d22885653757a3b2b25df3117f59742a94ec1b27b689876972ac4a6
mittelmann/tpl-tub-ws1617,mittelmann,1154615,747601,4720567,e4a8519be3cf69f0a739426551b9fc68a282aea3f04944e1b830625d12932ca4
mittelmann/woodlands09,mittelmann,194599,382147,2646003,b78df740ba33d934cee4747e8e2d46fb4452dd4a57898bc7e9622c1af01c910d
miplib-large/a2864-99blp_relax,miplib-large,22117,200787,20078717,e0edbca1f72e622b038a9622064416f1b95b29836651620a10185848fa7c4487
miplib-large/dlr1_relax,miplib-large,1735470,9142907,18365107,a9515be8c15b6e12d0ccc2f303c62578a3d118c5e16a45e7af3dc4df05b8f58b
miplib-large/ivu06-big_relax,miplib-large,1177,2277736,23125770,04c3c60f56a31d9c75b19079a417860db87970f4cadfd186a4b9c82f9d05e24a
miplib-large/ivu59_relax,miplib-large,3436,2569996,36186332,4b80fa5bfca09d002be4add64e1d10f27b03f7e48473c51ed1739a61e17c25e7
miplib-large/kottenpark09_relax,miplib-large,325547,2893026,13085485,c8e2143af77b98e54653d8fe6b7fb6dffa9a2184b323afde230595fb7f389b88
miplib-large/neos-2991472-kalu_relax,miplib-large,18170,12105,13709358,3b6b1a4f58437862762800cb95f1809d53715ce2f17559065e486f7e296a88ff
miplib-large/neos-3208254-reiu_relax,miplib-large,9464908,3154336,25080218,151d71a0af9c064bac8a9ce5ec6eb331f0f02d768564d614c70603ca90f1f2b3
miplib-large/neos-3740487-motru_relax,miplib-large,4936372,1689612,26433474,477e2f8a5ce14fc629a3f2d53b59082a888a3527f25605f5993572bd04c127c7
miplib-large/neos-4332801-seret_relax,miplib-large,19912111,20682487,47513027,80247e1b882855042c78c74b0ca309450d17757bcafabbb1f23a0cf347575760
miplib-large/neos-4332810-sesia_relax,miplib-large,19912111,20682487,47513027,630c7424aa3fbe1357392df7952542549dc1dcb065e2180a14831f936e98bb64
miplib-large/neos-4535459-waipa_relax,miplib-large,163001,961401,256963402,f27fc2677e135c9206bfba2f0457b54d07bfcc806e9e8a0ffcd45633db548a17
miplib-large/neos-4545615-waita_relax,miplib-large,345152,654950,10670186,fedec298e55e4576c0710524d51a9817094cc3f40085da67699dafba7ff118cc
miplib-large/nucorsav_relax,miplib-large,1812472,55410,26170428,dca4577abf10e30d833ed409672e4fc5a36b585a335aa45ae8fb88283ffee4eb
miplib-large/scpn2_relax,miplib-large,5000,1000000,12500000,8938936d4bd4584d013b07bec003d79884e9990b29eaf20d40c0b182240c802a
miplib-large/square41_relax,miplib-large,40160,62234,13566426,096bfdb3597ec5d86268ca3611741cec1cceb28dc3be416a86037f50bb5910a2
miplib-large/square47_relax,miplib-large,61591,95030,27329856,58aefabbfe6ed068b2011c765ba78641d039778fbba163968f420b1014cfec19
miplib-large/t11nonreg_relax,miplib-large,27375,4596905,46841437,180382e44d5cd2c22acb98ad1c5ba03e6fe161591e06ac287e8ab2d2cbdee33f
miplib-large/usafa_relax,miplib-large,1377561,228648,16485102,fd9e9aed9b10c51e7c58bf86f1dbdf8dbf65f00488a8eab1bdd4339b746c9d2d
suitesparse-large/Andrianov/mip1,suitesparse-large,66463,66463,10352819,f730e8b5345c00c37ed7c1c3634afe6822e6116a6b69e48956465fcd23684e54
suitesparse-large/Boeing/pwtk,suitesparse-large,217918,217918,11634424,b96f7a0d851ddd65d6a833dcd13f32bad39a273018e00163b890500316f48dfa
suitesparse-large/Bourchtein/atmosmodm,suitesparse-large,1489752,1489752,10319760,a5201e73412f4f8ed086ef6f79d5cd8b94bcf11b72341a2cf7d308170f9d25e2
suitesparse-large/Buss/12month1,suitesparse-large,12471,872622,22624727,83ebe3b102f95954bc85fbe2c21c7ef46417d92bf4f71d003aa3beedb64a26ce
suitesparse-large/DIMACS10/asia_osm,suitesparse-large,11950757,11950757,25423206,10006a3e537aca9b82a2868850dfb8729fbb455437ecce476e0c8c7ecd38eb6b
suitesparse-large/DIMACS10/hugebubbles-00020,suitesparse-large,21198119,21198119,63580358,1f1d80cd5a70d1c4f1f1c99f1292c62a5286972518d057c603c1d93de65f0362
suitesparse-large/DIMACS10/kron_g500-logn21,suitesparse-large,2097152,2097152,182082942,6f13f6eb9d58522b9fed5c45b49e3ebd01016d4ce85233b0242cdc521474164f
suitesparse-large/DIMACS10/road_usa,suitesparse-large,23947347,23947347,57708624,5ee32b5ac21e95c8c4a9bf14aa3725215cc8f4104df88284b53913f43252b990
suitesparse-large/DNVS/halfb,suitesparse-large,224617,224617,12387821,33ffcd4fe5f8089548351315666d16005d5c8d1c44cf81dfdaecde3a123a48e8
suitesparse-large/Freescale/Freescale2,suitesparse-large,2999349,2999349,23042677,2b132b552e46cc19a72165322822178d7a48bc017928ec72c86cf04efe74338e
suitesparse-large/Freescale/FullChip,suitesparse-large,2987012,2987012,26621990,0c83ca1c69a42fb4d2917911d1c642e380dd58d7b6b860e44168a8ea9e3b19fc
suitesparse-large/Freescale/circuit5M,suitesparse-large,5558326,5558326,59524291,2eff49ef611e86a0f32b4af52b93aadb70b4c4ef76b0e4a1747981f3025bd2c3
suitesparse-large/GHS_psdef/audikw_1,suitesparse-large,943695,943695,77651847,b2239f90db6a9a5c74e7bc4c6e365876a85752c6a87830e7abcd05d646bd33bb
suitesparse-large/GHS_psdef/ldoor,suitesparse-large,952203,952203,46522475,be4de4434c508038652ff7401cf5413cfbda3e4f3476928ab2831655cb0f2969
suitesparse-large/Gleich/wikipedia-20060925,suitesparse-large,2983494,2983494,37269096,4bed7b2b020b2dcbc2f2a517b9d22813be3c47920a5b5ee20062bc8204492917
suitesparse-large/Hardesty/Hardesty3,suitesparse-large,8217820,7591564,40451632,8ecb6b213c6fa09187d7e055ccbbf52fca7abd0f278f746fb52bf761bf22bb16
suitesparse-large/Harvard_Seismology/JP,suitesparse-large,87616,67320,13734559,e2b82db85814325f42b83bf19bc5f46ce8f76ae8000ed9e146d67dfa4e0cf8cc
suitesparse-large/JGD_Relat/rel9,suitesparse-large,9888048,274669,23667183,b95492265880f1f38aa05419af8e1088fc116173fac41c2fc31fd59ddcf2022a
suitesparse-large/LAW/eu-2005,suitesparse-large,862664,862664,19235140,47fed467576de04f49dd366bbd08ae7fe8dc0180bad17af00d27af606aefeca6
suitesparse-large/LAW/in-2004,suitesparse-large,1382908,1382908,16917053,2d8b4bc49c096426c36641aefc725aa2ea06d5885b66ebee62bd65e9120186e7
suitesparse-large/MAWI/mawi_201512012345,suitesparse-large,18571154,18571154,38040320,eb7d7912a1d6b9d247031691d8aa7d48766f179cdf388529e0fdde72a87acdd2
suitesparse-large/Mittelmann/rail4284,suitesparse-large,4284,1096894,11284032,dadc00a9c6c48cdd8285fbc7273a99a9e282e74ae6ec2c9d6fdac56a3c6e816f
suitesparse-large/Mittelmann/spal_004,suitesparse-large,10203,321696,46168124,13fe6c0a4e1f30a71337ec0b1a8dbb9781b01ce8ef3e8870d4a67cac51610d22
suitesparse-large/PARSEC/Ga41As41H72,suitesparse-large,268096,268096,18488476,0464283a47b95af2b679af54ab543f30d44fa184d936e49b63995a1a80f741ce
suitesparse-large/PARSEC/Si41Ge41H72,suitesparse-large,185639,185639,15011265,6b8680f7fd26c9a1630c1ffcee875b1a2e113914aa5a117bf114635f09ce017f
suitesparse-large/SNAP/soc-LiveJournal1,suitesparse-large,4847571,4847571,68993773,381b7cc1e34f8cd07b7fa054e1762a299ee1a6f899d51524b542abdfdead1999
suitesparse-large/SNAP/wiki-topcats,suitesparse-large,1791489,1791489,28511807,94268db6fb9022d8d5df3b86248c3c370e32ba3e3d0839c1092cfc64f7eb49bc
suitesparse-large/Schenk/nlpkkt120,suitesparse-large,3542400,3542400,96845792,5aeb8c57d0500cb828f9058efbf80eb81f2f2b5ae9df913551d832592ce8a7b6
suitesparse-large/Schenk_AFE/af_shell6,suitesparse-large,504855,504855,17588875,1e9a1bf1ca287ec110800fd4948c8d1d618c29cc944b8c76fbd8d599b34577dd
suitesparse-large/TSOPF/TSOPF_RS_b2383_c1,suitesparse-large,38120,38120,16171169,7c5f207eaf1c9c0550853176bfd583686a930749adb6a9ce84f561a4e040489b
suitesparse-large/VLSI/dgreen,suitesparse-large,1200611,1200611,38259877,6046b0fe01b644579fa8fb915427455524b72c82acc400a73d326fabd26ce0d8
suitesparse-large/vanHeukelum/cage14,suitesparse-large,1505785,1505785,27130349,d8066f49823aea1f6d9ec3f1b9fce72aa94de4f4fa0c5b7cc38ecb546a64d8fc
suitesparse-large/vanHeukelum/cage15,suitesparse-large,5154859,5154859,99199551,603be7eec3fa80b17319029397ac494a0041426546ec4fde1b1b7c3798c2ffa5
